{"cameraMode":{"drawMode":0,"name":"Shaded","section":"Shading Mode"},"sceneLighting":true,"audioPlay":false,"sceneViewState":{"m_AlwaysRefresh":false,"showFog":true,"showSkybox":true,"showFlares":true,"showImageEffects":true,"showParticleSystems":true,"showVisualEffectGraphs":true,"m_FxEnabled":false},"in2DMode":false,"pivot":{"x":-7.320529937744141,"y":13.225641250610352,"z":0.4019451141357422},"rotation":{"x":0.12075859308242798,"y":-0.08476677536964417,"z":0.010350329801440239,"w":0.9890033006668091},"size":11.066998481750489,"orthographic":false}