{"cameraMode":{"drawMode":0,"name":"Shaded","section":"Shading Mode"},"sceneLighting":false,"audioPlay":false,"sceneViewState":{"m_AlwaysRefresh":false,"showFog":true,"showSkybox":false,"showFlares":true,"showImageEffects":true,"showParticleSystems":true,"showVisualEffectGraphs":true,"m_FxEnabled":false},"in2DMode":false,"pivot":{"x":-0.0952310562133789,"y":-5.24235725402832,"z":-0.8008832931518555},"rotation":{"x":0.013213050551712513,"y":-0.20491749048233033,"z":0.0027665651869028808,"w":0.9786864519119263},"size":5.974280834197998,"orthographic":false}